<?xml version="1.0" encoding="UTF-8"?>
<project-private xmlns="http://www.netbeans.org/ns/project-private/1">
    <editor-bookmarks xmlns="http://www.netbeans.org/ns/editor-bookmarks/2" lastBookmarkId="1">
        <file>
            <url>src/backend/Cliente.java</url>
            <bookmark id="1">
                <name/>
                <line>57</line>
                <key/>
            </bookmark>
        </file>
    </editor-bookmarks>
    <open-files xmlns="http://www.netbeans.org/ns/projectui-open-files/2">
        <group>
            <file>file:/C:/Users/Arale/Documents/NetBeansProjects/Automovil.java/ProyectoVeterinaria/src/frontend/gestionarCitas.java</file>
            <file>file:/C:/Users/Arale/Documents/NetBeansProjects/Automovil.java/ProyectoVeterinaria/src/backend/Servicio.java</file>
            <file>file:/C:/Users/Arale/Documents/NetBeansProjects/Automovil.java/ProyectoVeterinaria/src/backend/Factura.java</file>
            <file>file:/C:/Users/Arale/Documents/NetBeansProjects/Automovil.java/ProyectoVeterinaria/src/frontend/gestionarFactura.java</file>
            <file>file:/C:/Users/Arale/Documents/NetBeansProjects/Automovil.java/ProyectoVeterinaria/src/frontend/gestionarCliente.java</file>
            <file>file:/C:/Users/Arale/Documents/NetBeansProjects/Automovil.java/ProyectoVeterinaria/src/backend/Mascota.java</file>
            <file>file:/C:/Users/Arale/Documents/NetBeansProjects/Automovil.java/ProyectoVeterinaria/src/frontend/gestionarMascota.java</file>
            <file>file:/C:/Users/Arale/Documents/NetBeansProjects/Automovil.java/ProyectoVeterinaria/src/frontend/gestionarServicios.java</file>
            <file>file:/C:/Users/Arale/Documents/NetBeansProjects/Automovil.java/ProyectoVeterinaria/src/backend/Cliente.java</file>
        </group>
    </open-files>
</project-private>
